{"keyset":{"lweSecretKeys":[{"id":0,"params":{"lweDimension":1347,"integerPrecision":64,"keyType":"binary"}}],"lweBootstrapKeys":[],"lweKeyswitchKeys":[],"packingKeyswitchKeys":[]},"circuits":[{"inputs":[{"rawInfo":{"shape":{"dimensions":[1,10,3]},"integerPrecision":64,"isSigned":false},"typeInfo":{"lweCiphertext":{"abstractShape":{"dimensions":[1,10]},"concreteShape":{"dimensions":[1,10,3]},"integerPrecision":64,"encryption":{"keyId":0,"variance":5.9105926445483523e-20,"lweDimension":1347,"modulus":{"modulus":{"native":{}}}},"compression":"seed","encoding":{"integer":{"width":18,"isSigned":true,"mode":{"native":{}}}}}}}],"outputs":[{"rawInfo":{"shape":{"dimensions":[1,1,1348]},"integerPrecision":64,"isSigned":false},"typeInfo":{"lweCiphertext":{"abstractShape":{"dimensions":[1,1]},"concreteShape":{"dimensions":[1,1,1348]},"integerPrecision":64,"encryption":{"keyId":0,"variance":5.9105926445483523e-20,"lweDimension":1347,"modulus":{"modulus":{"native":{}}}},"compression":"none","encoding":{"integer":{"width":18,"isSigned":true,"mode":{"native":{}}}}}}}],"name":"inference_to_compile"}]}